{"packs":[{"string6":"0004.16","string0":"d","string4":"падать","cards":[{"string0":"d","string6":"0004.16","string2":"TO DROP FROM A HEIGHT","string3":"`fall\u003cbr\u003e`fell\u003cbr\u003e`fallen","keyboardCharacters":"ADEFIJLMNRVZ","footnote":"fall // /[fO:l] \u003d fell // /[fel] \u003d fallen // /[\"fO:l.(@)n]","string5":"/ed/fall.mp3"}]},{"string6":"0004.24","string0":"d","string4":"чувствовать\u003cbr\u003eчувствовать себя","cards":[{"string0":"d","string6":"0004.24","string2":"TO EXPERIENCE EMOTION/TOUCH","string3":"`feel\u003cbr\u003e`felt\u003cbr\u003e`felt","keyboardCharacters":"BEFHJKLPSTVX","footnote":"feel // /[fi:l] \u003d felt // /[felt]","string5":"/ed/feel.mp3"}]},{"string6":"0004.17","string0":"d","string4":"находить; обнаруживать","cards":[{"string0":"d","string6":"0004.17","string2":"TO DISCOVER","string3":"`find\u003cbr\u003e`found\u003cbr\u003e`found","keyboardCharacters":"BDEFGHINOSUX","footnote":"find // /[faInd] \u003d found // /[faUnd]","string5":"/ed/find.mp3"}]},{"string6":"0004.18","string0":"d","string4":"летать","cards":[{"string0":"d","string6":"0004.18","string2":"TO MOVE THROUGH AIR","string3":"`fly\u003cbr\u003e`flew\u003cbr\u003e`flown","keyboardCharacters":"ACEFKLNOSVWY","footnote":"fly // /[flaI] \u003d flew // /[flu:] \u003d flown // /[fl@Un]","string5":"/ed/fly.mp3"}]},{"string6":"0004.23","string0":"d","string4":"забывать","cards":[{"string0":"d","string6":"0004.23","string2":"TO FAIL TO REMEMBER","string3":"`forget\u003cbr\u003e`forgot\u003cbr\u003e`forgotten","keyboardCharacters":"BCEFGMNORTUV","footnote":"forget // /[f@(r)\"get] \u003d forgot // /[f@(r)\"gOt] \u003d forgotten // /[f@(r)\"gOt@n]","string5":"/ed/forget.mp3"}]},{"string6":"0004.7","string0":"d","string4":"давать","cards":[{"string0":"d","string6":"0004.7","string2":"TO TRANSFER FREELY","string3":"`give\u003cbr\u003e`gave\u003cbr\u003e`given","keyboardCharacters":"ACEGIMNPQRVW","footnote":"give // /[gIv] \u003d gave // /[geIv] \u003d given // /[\"gIv.(@)n]","string5":"/ed/give.mp3"}]},{"string6":"0004.8","string0":"d","string4":"выращивать\u003cbr\u003eрасти","cards":[{"string0":"d","string6":"0004.8","string2":"TO INCREASE IN SIZE","string3":"`grow\u003cbr\u003e`grew\u003cbr\u003e`grown","keyboardCharacters":"EGHLMNOPRUVW","footnote":"grow // /[gr@U] \u003d grew // /[gru:] \u003d grown // /[gr@Un]","string5":"/ed/grow.mp3"}]},{"string6":"0004.25","string0":"d","string4":"бить; ударять\u003cbr\u003eбиться; ударяться","cards":[{"string0":"d","string6":"0004.25","string2":"TO STRIKE","string3":"`hit\u003cbr\u003e`hit\u003cbr\u003e`hit","keyboardCharacters":"BDFGHIJLQTXZ","footnote":"hit // /[hIt]","string5":"/ed/hit.mp3"}]},{"string6":"0004.20","string0":"d","string4":"держать","cards":[{"string0":"d","string6":"0004.20","string2":"TO GRASP","string3":"`hold\u003cbr\u003e`held\u003cbr\u003e`held","keyboardCharacters":"CDEGHLMOPSXZ","footnote":"hold // /[h@Uld] \u003d held // /[held]","string5":"/ed/hold.mp3"}]},{"string6":"0004.19","string0":"d","string4":"делать больно; повреждать\u003cbr\u003eболеть; причинять боль","cards":[{"string0":"d","string6":"0004.19","string2":"TO CAUSE PAIN","string3":"`hurt\u003cbr\u003e`hurt\u003cbr\u003e`hurt","keyboardCharacters":"AEHJQRSTUWXZ","footnote":"hurt // /[h3:(r)t]","string5":"/ed/hurt.mp3"}]},{"string6":"0004.9","string0":"d","string4":"держать; хранить","cards":[{"string0":"d","string6":"0004.9","string2":"TO RETAIN POSSESSION","string3":"`keep\u003cbr\u003e`kept\u003cbr\u003e`kept","keyboardCharacters":"EFIKNPQTUVWZ","footnote":"keep // /[ki:p] \u003d kept // /[kept]","string5":"/ed/keep.mp3"}]},{"string6":"0004.10","string0":"d","string4":"знать","cards":[{"string0":"d","string6":"0004.10","string2":"TO HAVE KNOWLEDGE","string3":"`know\u003cbr\u003e`knew\u003cbr\u003e`known","keyboardCharacters":"EGHKNOPQUWXZ","footnote":"know // /[n@U] \u003d knew // /[nu:] \u003d known // /[n@Un]","string5":"/ed/know.mp3"}]}]}