{"packs":[{"string6":"0001.4","string0":"d","string4":"быть; находиться; существовать; являться","cards":[{"string0":"d","string6":"0001.4","string2":"TO EXIST","string3":"`be\u003cbr\u003e`was; `were\u003cbr\u003e`been","keyboardCharacters":"ABEFGHMNRSVW","footnote":"be // /[bi:] \u003d was // /[w@z] \u003d were // /[w3:r] \u003d been // /[bIn]","string5":"/ed/be.mp3"}]},{"string6":"0001.24","string0":"d","string4":"покупать","cards":[{"string0":"d","string6":"0001.24","string2":"TO PURCHASE","string3":"`buy\u003cbr\u003e`bought\u003cbr\u003e`bought","keyboardCharacters":"BCGHNOQRTUVY","footnote":"buy // /[baI] \u003d bought // /[bO:t]","string5":"/ed/buy.mp3"}]},{"string6":"0001.81","string0":"d","string4":"приезжать; приходить","cards":[{"string0":"d","string6":"0001.81","string2":"TO MOVE TOWARD","string3":"`come\u003cbr\u003e`came\u003cbr\u003e`come","keyboardCharacters":"ABCDEGLMORUW","footnote":"come // /[kVm] \u003d came // /[keIm]","string5":"/ed/come.mp3"}]},{"string6":"0001.32","string0":"d","string4":"резать","cards":[{"string0":"d","string6":"0001.32","string2":"TO DIVIDE WITH A SHARP TOOL","string3":"`cut\u003cbr\u003e`cut\u003cbr\u003e`cut","keyboardCharacters":"BCDIJLOPQSTU","footnote":"cut // /[kVt]","string5":"/ed/cut.mp3"}]},{"string6":"0001.36","string0":"d","string4":"делать","cards":[{"string0":"d","string6":"0001.36","string2":"TO PERFORM AN ACTION","string3":"`do\u003cbr\u003e`did\u003cbr\u003e`done","keyboardCharacters":"ABCDEHIJNOPV","footnote":"do // /[du:] \u003d did // /[dId] \u003d done // /[dVn]","string5":"/ed/do.mp3"}]},{"string6":"0001.39","string0":"d","string4":"пить","cards":[{"string0":"d","string6":"0001.39","string2":"TO CONSUME LIQUID","string3":"`drink\u003cbr\u003e`drank\u003cbr\u003e`drunk","keyboardCharacters":"ADFHIKLNPRTU","footnote":"drink // /[drINk] \u003d drank // /[dr\u0026aNk] \u003d drunk // /[drVNk]","string5":"/ed/drink.mp3"}]},{"string6":"0001.42","string0":"d","string4":"есть; кушать","cards":[{"string0":"d","string6":"0001.42","string2":"TO CONSUME FOOD","string3":"`eat\u003cbr\u003e`ate\u003cbr\u003e`eaten","keyboardCharacters":"AEGKNQRSTUXZ","footnote":"eat // /[i:t] \u003d ate // /[eIt] \u003d eaten // /[\"i:t@n]","string5":"/ed/eat.mp3"}]},{"string6":"0001.82","string0":"d","string4":"доставать; получать;","cards":[{"string0":"d","string6":"0001.82","string2":"TO OBTAIN","string3":"`get\u003cbr\u003e`got\u003cbr\u003e`got; `gotten","keyboardCharacters":"EGILMNOPRTXY","footnote":"get // /[get] \u003d got // /[gOt] \u003d gotten // /[\"gOt.@n]","string5":"/ed/get.mp3"}]},{"string6":"0001.59","string0":"d","string4":"ездить; ходить\u003cbr\u003eуезжать; уходить","cards":[{"string0":"d","string6":"0001.59","string2":"TO MOVE FROM ONE PLACE TO ANOTHER","string3":"`go\u003cbr\u003e`went\u003cbr\u003e`gone","keyboardCharacters":"DEFGHLNOQTWZ","footnote":"go // /[g@U] \u003d went // /[went] \u003d gone // /[gO:n]","string5":"/ed/go.mp3"}]},{"string6":"0001.63","string0":"d","string4":"иметь","cards":[{"string0":"d","string6":"0001.63","string2":"TO POSSESS","string3":"`have\u003cbr\u003e`had\u003cbr\u003e`had","keyboardCharacters":"ADEFHKMOPSVZ","footnote":"have // /[h\u0026av] \u003d had // /[h\u0026ad]","string5":"/ed/have.mp3"}]},{"string6":"0001.64","string0":"d","string4":"слышать","cards":[{"string0":"d","string6":"0001.64","string2":"TO PERCEIVE SOUND","string3":"`hear\u003cbr\u003e`heard\u003cbr\u003e`heard","keyboardCharacters":"ACDEGHKLMRST","footnote":"hear // /[hI@(r)] \u003d heard // /[h3:(r)d]","string5":"/ed/hear.mp3"}]},{"string6":"0001.77","string0":"d","string4":"учить\u003cbr\u003eучиться","cards":[{"string0":"d","string6":"0001.77","string2":"TO GAIN KNOWLEDGE","string3":"`learn\u003cbr\u003e`learned; `learnt\u003cbr\u003e`learned; `learnt","keyboardCharacters":"ABCDEGHLNORT","footnote":"learn // /[l3:(r)n] \u003d learned // /[l3:(r)nd] \u003d learnt // /[l3:(r)nt]","string5":"/ed/learn.mp3"}]},{"string6":"0001.78","string0":"d","string4":"оставлять; покидать\u003cbr\u003eуезжать; уходить;","cards":[{"string0":"d","string6":"0001.78","string2":"TO GO AWAY FROM","string3":"`leave\u003cbr\u003e`left\u003cbr\u003e`left","keyboardCharacters":"ADEFHLORSTVZ","footnote":"leave // /[li:v] \u003d left // /[left]","string5":"/ed/leave.mp3"}]},{"string6":"0001.79","string0":"d","string4":"позволять; разрешать","cards":[{"string0":"d","string6":"0001.79","string2":"TO ALLOW","string3":"`let\u003cbr\u003e`let\u003cbr\u003e`let","keyboardCharacters":"CEFIKLQRSTUW","footnote":"let // /[let]","string5":"/ed/let.mp3"}]},{"string6":"0001.80","string0":"d","string4":"встречать\u003cbr\u003eвстречаться","cards":[{"string0":"d","string6":"0001.80","string2":"TO COME TOGETHER","string3":"`meet\u003cbr\u003e`met\u003cbr\u003e`met","keyboardCharacters":"ABEILMOPTXYZ","footnote":"meet // /[mi:t] \u003d met // /[met]","string5":"/ed/meet.mp3"}]},{"string6":"0001.83","string0":"d","string4":"класть; ставить","cards":[{"string0":"d","string6":"0001.83","string2":"TO PLACE","string3":"`put\u003cbr\u003e`put\u003cbr\u003e`put","keyboardCharacters":"ACEGHJMPRTUZ","footnote":"put // /[pUt]","string5":"/ed/put.mp3"}]},{"string6":"0001.84","string0":"d","string4":"читать","cards":[{"string0":"d","string6":"0001.84","string2":"TO LOOK AT AND UNDERSTAND WORDS","string3":"`read\u003cbr\u003e`read\u003cbr\u003e`read","keyboardCharacters":"ADEFGILORTVX","footnote":"read // /[ri:d] \u003d read // /[red]","string5":"/ed/read.mp3"}]},{"string6":"0001.85","string0":"d","string4":"бегать","cards":[{"string0":"d","string6":"0001.85","string2":"TO MOVE QUICKLY ON FOOT","string3":"`run\u003cbr\u003e`ran\u003cbr\u003e`run","keyboardCharacters":"ABEGIMNORSUV","footnote":"run // /[rVn] \u003d ran // /[r\u0026an] \u003d run // /[rVn]","string5":"/ed/run.mp3"}]}]}