{"packs":[{"string6":"0010.1","string0":"d","string4":"возникать; появляться","cards":[{"string0":"d","string6":"0010.1","string2":"TO EMERGE","string3":"arise\u003cbr\u003e`arose\u003cbr\u003e`arisen","keyboardCharacters":"ADEIMNOQRSUV","footnote":"arise // /[@\"raIz] \u003d arose // /[@\"r@Uz] \u003d arisen // /[@\"rIz.(@)n]","string5":"/ed/arise.mp3"}]},{"string6":"0010.2","string0":"d","string4":"дуть","cards":[{"string0":"d","string6":"0010.2","string2":"TO MOVE AIR","string3":"blow\u003cbr\u003e`blew\u003cbr\u003e`blown","keyboardCharacters":"BCELNOSTUVWY","footnote":"blow // /[bl@U] \u003d blew // /[blu:] \u003d blown // /[bl@Un]","string5":"/ed/blow.mp3"}]},{"string6":"0010.3","string0":"d","string4":"делать заявку; предлагать цену","cards":[{"string0":"d","string6":"0010.3","string2":"TO OFFER A PRICE OR COMMAND","string3":"bid\u003cbr\u003e`bade; `bid\u003cbr\u003e`bid; `bidden","keyboardCharacters":"ABDEIKLNPQRS","footnote":"bid // /[bId] \u003d bade // /[beId] \u003d bidden // /[\"bId.(@)n]","string5":"/ed/bid.mp3"}]},{"string6":"0010.4","string0":"d","string4":"разводить (растения, скот и т.п.)","cards":[{"string0":"d","string6":"0010.4","string2":"TO RAISE ANIMALS","string3":"breed\u003cbr\u003e`bred\u003cbr\u003e`bred","keyboardCharacters":"BDEIJLMORUYZ","footnote":"breed // /[bri:d] \u003d bred // /[bred]","string5":"/ed/breed.mp3"}]},{"string6":"0010.5","string0":"d","string4":"подбирать актёров (для фильма, спектакля и т.п.)","cards":[{"string0":"d","string6":"0010.5","string2":"TO THROW OR ASSIGN A ROLE","string3":"cast\u003cbr\u003e`cast\u003cbr\u003e`cast","keyboardCharacters":"ABCEFHIJNQST","footnote":"cast // /[k\u0026ast]","string5":"/ed/cast.mp3"}]},{"string6":"0010.6","string0":"d","string4":"красться; ползти","cards":[{"string0":"d","string6":"0010.6","string2":"TO MOVE SLOWLY/QUIETLY","string3":"creep\u003cbr\u003e`crept\u003cbr\u003e`crept","keyboardCharacters":"CEHKLNPQRTVY","footnote":"creep // /[kri:p] \u003d crept // /[krept]","string5":"/ed/creep.mp3"}]},{"string6":"0010.7","string0":"d","string4":"копать","cards":[{"string0":"d","string6":"0010.7","string2":"TO BREAK UP EARTH","string3":"dig\u003cbr\u003e`dug\u003cbr\u003e`dug","keyboardCharacters":"DEGIJKLQRUVW","footnote":"dig // /[dIg] \u003d dug // /[dVg]","string5":"/ed/dig.mp3"}]},{"string6":"0010.8","string0":"d","string4":"кормить","cards":[{"string0":"d","string6":"0010.8","string2":"TO GIVE FOOD","string3":"feed\u003cbr\u003e`fed\u003cbr\u003e`fed","keyboardCharacters":"ADEFJNPQRTYZ","footnote":"feed // /[fi:d] \u003d fed // /[fed]","string5":"/ed/feed.mp3"}]},{"string6":"0010.9","string0":"d","string4":"замораживать\u003cbr\u003eзамерзать","cards":[{"string0":"d","string6":"0010.9","string2":"TO TURN TO ICE","string3":"freeze\u003cbr\u003e`froze\u003cbr\u003e`frozen","keyboardCharacters":"EFHNOPRTUWXZ","footnote":"freeze // /[fri:z] \u003d froze // /[fr@Uz] \u003d frozen // /[\"fr@Uz@n]","string5":"/ed/freeze.mp3"}]},{"string6":"0010.10","string0":"d","string4":"вешать","cards":[{"string0":"d","string6":"0010.10","string2":"TO SUSPEND","string3":"hang\u003cbr\u003e`hung\u003cbr\u003e`hung","keyboardCharacters":"BFGHLMNRSUVZ","footnote":"hang // /[h\u0026aN] \u003d hung // /[hVN]","string5":"/ed/hang.mp3"}]},{"string6":"0010.11","string0":"d","string4":"зажигать","cards":[{"string0":"d","string6":"0010.11","string2":"TO IGNITE","string3":"light\u003cbr\u003e`lighted; `lit\u003cbr\u003e`lighted; `lit","keyboardCharacters":"BDEGHILQTUVZ","footnote":"light // /[laIt] \u003d lighted // /[\"laI.tId] \u003d lit // /[lIt]","string5":"/ed/light.mp3"}]},{"string6":"0010.14","string0":"d","string4":"косить","cards":[{"string0":"d","string6":"0010.14","string2":"TO CUT GRASS","string3":"mow\u003cbr\u003e`mowed\u003cbr\u003e`mowed; `mown","keyboardCharacters":"BDEFKMNOSUVW","footnote":"mow // /[m@U] \u003d mowed // /[m@Ud] \u003d mown // /[m@Un]","string5":"/ed/mow.mp3"}]},{"string6":"0010.15","string0":"d","string4":"преодолевать","cards":[{"string0":"d","string6":"0010.15","string2":"TO DEFEAT A PROBLEM","string3":"overcome\u003cbr\u003e`overcame\u003cbr\u003e`overcome","keyboardCharacters":"ACEHKMOPRSVY","footnote":"overcome // /[\u0027@Uv@(r)\"kVm] \u003d overcame // /[\u0027@Uv@(r)\"keIm] \u003d overcome // /[\u0027@Uv@(r)\"kVm]","string5":"/ed/overcome.mp3"}]}]}