{"packs":[{"string6":"0005.19","string0":"d","string4":"класть","cards":[{"string0":"d","string6":"0005.19","string2":"TO PUT DOWN","string3":"lay\u003cbr\u003e`laid\u003cbr\u003e`laid","keyboardCharacters":"ADFGIJLMNOVX","footnote":"lay // /[leI] \u003d laid // /[leId]","string5":"/ed/lay.mp3"}]},{"string6":"0005.20","string0":"d","string4":"лежать","cards":[{"string0":"d","string6":"0005.20","string2":"TO RECLINE HORIZONTALLY","string3":"lie\u003cbr\u003e`lay\u003cbr\u003e`lain","keyboardCharacters":"ACDEGILMNTWY","footnote":"lie // /[laI] \u003d lay // /[leI] \u003d lain // /[leIn]","string5":"/ed/lie.mp3"}]},{"string6":"0005.21","string0":"d","string4":"давать взаймы; одалживать","cards":[{"string0":"d","string6":"0005.21","string2":"TO GIVE TEMPORARILY","string3":"lend\u003cbr\u003e`lent\u003cbr\u003e`lent","keyboardCharacters":"BEFJKLNPQRTX","footnote":"lend // /[lend] \u003d lent // /[lent]","string5":"/ed/lend.mp3"}]},{"string6":"0005.22","string0":"d","string4":"терять","cards":[{"string0":"d","string6":"0005.22","string2":"TO BE DEPRIVED OF","string3":"lose\u003cbr\u003e`lost\u003cbr\u003e`lost","keyboardCharacters":"CGILNOQRSTUX","footnote":"lose // /[lu:z] \u003d lost // /[lOst]","string5":"/ed/lose.mp3"}]},{"string6":"0005.23","string0":"d","string4":"делать; производить; создавать","cards":[{"string0":"d","string6":"0005.23","string2":"TO CREATE","string3":"make\u003cbr\u003e`made\u003cbr\u003e`made","keyboardCharacters":"ABDEFLMNPSTW","footnote":"make // /[meIk] \u003d made // /[meId]","string5":"/ed/make.mp3"}]},{"string6":"0005.24","string0":"d","string4":"значить","cards":[{"string0":"d","string6":"0005.24","string2":"TO SIGNIFY","string3":"mean\u003cbr\u003e`meant\u003cbr\u003e`meant","keyboardCharacters":"ADEFMNOSTXYZ","footnote":"mean // /[mi:n] \u003d meant // /[ment]","string5":"/ed/mean.mp3"}]},{"string6":"0005.25","string0":"d","string4":"платить","cards":[{"string0":"d","string6":"0005.25","string2":"TO GIVE MONEY","string3":"pay\u003cbr\u003e`paid\u003cbr\u003e`paid","keyboardCharacters":"ADEGHINPRTUX","footnote":"pay // /[peI] \u003d paid // /[peId]","string5":"/ed/pay.mp3"}]},{"string6":"0005.26","string0":"d","string4":"бросать; прекращать","cards":[{"string0":"d","string6":"0005.26","string2":"TO STOP DOING SOMETHING","string3":"quit\u003cbr\u003e`quit\u003cbr\u003e`quit","keyboardCharacters":"ADIJMOQRTUXZ","footnote":"quit // /[kwIt]","string5":"/ed/quit.mp3"}]},{"string6":"0005.27","string0":"d","string4":"звенеть\u003cbr\u003eзвонить","cards":[{"string0":"d","string6":"0005.27","string2":"TO MAKE A RESONANT SOUND","string3":"ring\u003cbr\u003e`rang\u003cbr\u003e`rung","keyboardCharacters":"ABEFGHNQRSUZ","footnote":"ring // /[rIN] \u003d rang // /[r\u0026aN] \u003d rung // /[rVN]","string5":"/ed/ring.mp3"}]},{"string6":"0005.17","string0":"d","string4":"ездить на (велосипеде, мотоцикле, лошади и т.п.)","cards":[{"string0":"d","string6":"0005.17","string2":"TO SIT ON AND CONTROL MOVEMENT","string3":"ride\u003cbr\u003e`rode\u003cbr\u003e`ridden","keyboardCharacters":"DEGIJNORSVYZ","footnote":"ride // /[raId] \u003d rode // /[r@Ud] \u003d ridden // /[\"rId.(@)n]","string5":"/ed/ride.mp3"}]},{"string6":"0005.18","string0":"d","string4":"повышаться; подниматься; расти; увеличиваться","cards":[{"string0":"d","string6":"0005.18","string2":"TO MOVE UPWARD","string3":"rise\u003cbr\u003e`rose\u003cbr\u003e`risen","keyboardCharacters":"CDEFHINORSVX","footnote":"rise // /[raIz] \u003d rose // /[r@Uz] \u003d risen // /[\"rIz@n]","string5":"/ed/rise.mp3"}]}]}