{"packs":[{"string6":"0003.19","string0":"d","string4":"становиться","cards":[{"string0":"d","string6":"0003.19","string2":"TO BEGIN TO BE","string3":"become\u003cbr\u003e`became\u003cbr\u003e`become","keyboardCharacters":"ABCDEMNOPQTV","footnote":"become // /[bI\"kVm] \u003d became // /[bI\"keIm]","string5":"/ed/become.mp3"}]},{"string6":"0003.20","string0":"d","string4":"начинать\u003cbr\u003eначинаться","cards":[{"string0":"d","string6":"0003.20","string2":"TO START","string3":"begin\u003cbr\u003e`began\u003cbr\u003e`begun","keyboardCharacters":"ABEFGKLNPUXZ","footnote":"begin // /[bI\"gIn] \u003d began // /[bI\"g\u0026an] \u003d begun // /[bI\"gVn]","string5":"/ed/begin.mp3"}]},{"string6":"0003.21","string0":"d","string4":"ломать; разбивать\u003cbr\u003eломаться; разбиваться","cards":[{"string0":"d","string6":"0003.21","string2":"TO SEPARATE INTO PIECES","string3":"break\u003cbr\u003e`broke\u003cbr\u003e`broken","keyboardCharacters":"ABCDEKMNORST","footnote":"break // /[breIk] \u003d broke // /[br@Uk] \u003d broken // /[\"br@Uk.(@)n]","string5":"/ed/break.mp3"}]},{"string6":"0003.3","string0":"d","string4":"приводить; привозить; приносить","cards":[{"string0":"d","string6":"0003.3","string2":"TO CARRY SOMETHING","string3":"bring\u003cbr\u003e`brought\u003cbr\u003e`brought","keyboardCharacters":"ABCDGHINORTU","footnote":"bring // /[brIN] \u003d brought // /[brO:t]","string5":"/ed/bring.mp3"}]},{"string6":"0003.4","string0":"d","string4":"строить","cards":[{"string0":"d","string6":"0003.4","string2":"TO CONSTRUCT","string3":"build\u003cbr\u003e`built\u003cbr\u003e`built","keyboardCharacters":"ABCEFILOQTUW","footnote":"build // /[bIld] \u003d built // /[bIlt]","string5":"/ed/build.mp3"}]},{"string6":"0003.5","string0":"d","string4":"гореть","cards":[{"string0":"d","string6":"0003.5","string2":"TO BE ON FIRE","string3":"burn\u003cbr\u003e`burned; `burnt\u003cbr\u003e`burned; `burnt","keyboardCharacters":"BDEFJLMNQRTU","footnote":"burn // /[b3:(r)n] \u003d burned // /[b3:(r)nd] \u003d burnt // /[b3:(r)nt]","string5":"/ed/burn.mp3"}]},{"string6":"0003.6","string0":"d","string4":"ловить; хватать","cards":[{"string0":"d","string6":"0003.6","string2":"TO CAPTURE","string3":"catch\u003cbr\u003e`caught\u003cbr\u003e`caught","keyboardCharacters":"ACDEGHILPQTU","footnote":"catch // /[k\u0026atS] \u003d caught // /[kO:t]","string5":"/ed/catch.mp3"}]},{"string6":"0003.22","string0":"d","string4":"выбирать","cards":[{"string0":"d","string6":"0003.22","string2":"TO SELECT","string3":"choose\u003cbr\u003e`chose\u003cbr\u003e`chosen","keyboardCharacters":"ABCDEHILNOST","footnote":"choose // /[tSu:z] \u003d chose // /[tS@Uz] \u003d chosen // /[\"tS@Uz.(@)n]","string5":"/ed/choose.mp3"}]},{"string6":"0003.8","string0":"d","string4":"стоить","cards":[{"string0":"d","string6":"0003.8","string2":"TO REQUIRE PAYMENT","string3":"cost\u003cbr\u003e`cost\u003cbr\u003e`cost","keyboardCharacters":"BCEFKMORSTWZ","footnote":"cost // /[kOst]","string5":"/ed/cost.mp3"}]},{"string6":"0003.10","string0":"d","string4":"рисовать","cards":[{"string0":"d","string6":"0003.10","string2":"TO CREATE A PICTURE","string3":"draw\u003cbr\u003e`drew\u003cbr\u003e`drawn","keyboardCharacters":"ACDEGKLNRTWZ","footnote":"draw // /[drO:] \u003d drew // /[dru:] \u003d drawn // /[drO:n]","string5":"/ed/draw.mp3"}]},{"string6":"0003.11","string0":"d","string4":"видеть во сне\u003cbr\u003eвидеть сны; мечтать","cards":[{"string0":"d","string6":"0003.11","string2":"TO EXPERIENCE VISIONS WHILE SLEEPING","string3":"dream\u003cbr\u003e`dreamed; `dreamt\u003cbr\u003e`dreamed; `dreamt","keyboardCharacters":"ACDEFJLMNRTV","footnote":"dream // /[dri:m] \u003d dreamed // /[dri:md] \u003d dreamt // /[dremt]","string5":"/ed/dream.mp3"}]},{"string6":"0003.12","string0":"d","string4":"водить (автомобиль и т.п.)","cards":[{"string0":"d","string6":"0003.12","string2":"TO OPERATE A VEHICLE","string3":"drive\u003cbr\u003e`drove\u003cbr\u003e`driven","keyboardCharacters":"BCDEHIJNORTV","footnote":"drive // /[draIv] \u003d drove // /[dr@Uv] \u003d driven // /[\"drIv.(@)n]","string5":"/ed/drive.mp3"}]}]}