{"packs":[{"string6":"0014.1","string0":"d","string4":"процветать","cards":[{"string0":"d","string6":"0014.1","string2":"TO PROSPER","string3":"thrive\u003cbr\u003e`thrived; `throve\u003cbr\u003e`thrived; `thriven","keyboardCharacters":"DEHIKMNORTVY","footnote":"thrive // /[TraIv] \u003d thrived // /[TraIvd] \u003d throve // /[Tr@Uv]","string5":"/ed/thrive.mp3"}]},{"string6":"0014.2","string0":"d","string4":"огорчать; расстраивать\u003cbr\u003eогорчаться; расстраиваться","cards":[{"string0":"d","string6":"0014.2","string2":"TO DISTURB EMOTIONALLY","string3":"upset\u003cbr\u003e`upset\u003cbr\u003e`upset","keyboardCharacters":"ACEFINOPQSTU","footnote":"upset // /[Vp\"set]","string5":"/ed/upset.mp3"}]},{"string6":"0014.3","string0":"d","string4":"ткать","cards":[{"string0":"d","string6":"0014.3","string2":"TO INTERLACE THREADS","string3":"weave\u003cbr\u003e`wove\u003cbr\u003e`woven","keyboardCharacters":"BDENOQRSUVWZ","footnote":"weave // /[wi:v] \u003d wove // /[w@Uv] \u003d woven // /[\"w@Uv.(@)n]","string5":"/ed/weave.mp3"}]},{"string6":"0014.4","string0":"d","string4":"мочить","cards":[{"string0":"d","string6":"0014.4","string2":"TO MOISTEN","string3":"wet\u003cbr\u003e`wet; `wetted\u003cbr\u003e`wet; `wetted","keyboardCharacters":"ABDEHJLMPTWX","footnote":"wet // /[wet] \u003d wetted // /[\"we.tId]","string5":"/ed/wet.mp3"}]},{"string6":"0014.7","string0":"d","string4":"изымать; отзывать\u003cbr\u003eуходить","cards":[{"string0":"d","string6":"0014.7","string2":"TO REMOVE OR RETREAT","string3":"withdraw\u003cbr\u003e`withdrew\u003cbr\u003e`withdrawn","keyboardCharacters":"ACDEHINQRTVW","footnote":"withdraw // /[wID\"drO:] \u003d withdrew // /[wID\"dru:] \u003d withdrawn // /[wID\"drO:n]","string5":"/ed/withdraw.mp3"}]},{"string6":"0014.5","string0":"d","string4":"удерживать","cards":[{"string0":"d","string6":"0014.5","string2":"TO REFUSE TO GIVE","string3":"withhold\u003cbr\u003e`withheld\u003cbr\u003e`withheld","keyboardCharacters":"ABDEHILMTWXZ","footnote":"withhold // /[wID\"h@Uld] \u003d withheld // /[wID\"held]","string5":"/ed/withhold.mp3"}]},{"string6":"0014.6","string0":"d","string4":"выдерживать; сопротивляться","cards":[{"string0":"d","string6":"0014.6","string2":"TO RESIST SUCCESSFULLY","string3":"withstand\u003cbr\u003e`withstood\u003cbr\u003e`withstood","keyboardCharacters":"ACDFHIMOSTUW","footnote":"withstand // /[wID\"st\u0026and] \u003d withstood // /[wID\"stUd]","string5":"/ed/withstand.mp3"}]},{"string6":"0001.166","string0":"d","string4":"выжимать; отжимать","cards":[{"string0":"d","string6":"0001.166","string2":"TO TWIST FORCEFULLY","string3":"wring\u003cbr\u003e`wrung\u003cbr\u003e`wrung","keyboardCharacters":"CFGHJKLNRTUW","footnote":"wring // /[rIN] \u003d wrung // /[rVN]","string5":"/ed/wring.mp3"}]}]}