{"packs":[{"string6":"0002.5","string0":"d","string4":"говорить\u003cbr\u003eсказать","cards":[{"string0":"d","string6":"0002.5","string2":"TO EXPRESS IN WORDS","string3":"`say\u003cbr\u003e`said\u003cbr\u003e`said","keyboardCharacters":"ADEFHILOQSYZ","footnote":"say // /[seI] \u003d said // /[sed]","string5":"/ed/say.mp3"}]},{"string6":"0002.19","string0":"d","string4":"видеть","cards":[{"string0":"d","string6":"0002.19","string2":"TO PERCEIVE WITH EYES","string3":"`see\u003cbr\u003e`saw\u003cbr\u003e`seen","keyboardCharacters":"AEFIJKNQRSWZ","footnote":"see // /[si:] \u003d saw // /[sO:] \u003d seen // /[si:n]","string5":"/ed/see.mp3"}]},{"string6":"0002.7","string0":"d","string4":"отправлять; посылать","cards":[{"string0":"d","string6":"0002.7","string2":"TO CAUSE TO GO","string3":"`send\u003cbr\u003e`sent\u003cbr\u003e`sent","keyboardCharacters":"DEGHNPQSTWYZ","footnote":"send // /[send] \u003d sent // /[sent]","string5":"/ed/send.mp3"}]},{"string6":"0002.8","string0":"d","string4":"размещать; устанавливать","cards":[{"string0":"d","string6":"0002.8","string2":"TO PUT IN PLACE","string3":"`set\u003cbr\u003e`set\u003cbr\u003e`set","keyboardCharacters":"ACDEHIJKOSTX","footnote":"set // /[set]","string5":"/ed/set.mp3"}]},{"string6":"0002.9","string0":"d","string4":"показывать","cards":[{"string0":"d","string6":"0002.9","string2":"TO MAKE VISIBLE","string3":"`show\u003cbr\u003e`showed\u003cbr\u003e`showed; `shown","keyboardCharacters":"DEHJNOPQRSWX","footnote":"show // /[S@U] \u003d showed // /[S@Ud] \u003d shown // /[S@Un]","string5":"/ed/show.mp3"}]},{"string6":"0002.11","string0":"d","string4":"петь","cards":[{"string0":"d","string6":"0002.11","string2":"TO PRODUCE MUSICAL SOUNDS","string3":"`sing\u003cbr\u003e`sang\u003cbr\u003e`sung","keyboardCharacters":"ACEGIJLNQSUW","footnote":"sing // /[sIN] \u003d sang // /[s\u0026aN] \u003d sung // /[sVN]","string5":"/ed/sing.mp3"}]},{"string6":"0002.12","string0":"d","string4":"сидеть","cards":[{"string0":"d","string6":"0002.12","string2":"TO REST ON LOWER BODY","string3":"`sit\u003cbr\u003e`sat\u003cbr\u003e`sat","keyboardCharacters":"ACDFIJLMNOST","footnote":"sit // /[sIt] \u003d sat // /[s\u0026at]","string5":"/ed/sit.mp3"}]},{"string6":"0002.13","string0":"d","string4":"спать","cards":[{"string0":"d","string6":"0002.13","string2":"TO REST IN UNCONSCIOUS STATE","string3":"`sleep\u003cbr\u003e`slept\u003cbr\u003e`slept","keyboardCharacters":"AEGHLOPQSTWZ","footnote":"sleep // /[sli:p] \u003d slept // /[slept]","string5":"/ed/sleep.mp3"}]},{"string6":"0002.14","string0":"d","string4":"говорить","cards":[{"string0":"d","string6":"0002.14","string2":"TO SAY WORDS","string3":"`speak\u003cbr\u003e`spoke\u003cbr\u003e`spoken","keyboardCharacters":"ABCEFJKNOPSZ","footnote":"speak // /[spi:k] \u003d spoke // /[sp@Uk] \u003d spoken // /[\"sp@Uk.(@)n]","string5":"/ed/speak.mp3"}]},{"string6":"0002.17","string0":"d","string4":"стоять","cards":[{"string0":"d","string6":"0002.17","string2":"TO BE UPRIGHT","string3":"`stand\u003cbr\u003e`stood\u003cbr\u003e`stood","keyboardCharacters":"ABCDMNOPSTUY","footnote":"stand // /[st\u0026and] \u003d stood // /[stUd]","string5":"/ed/stand.mp3"}]},{"string6":"0002.21","string0":"d","string4":"плавать","cards":[{"string0":"d","string6":"0002.21","string2":"TO MOVE THROUGH WATER","string3":"`swim\u003cbr\u003e`swam\u003cbr\u003e`swum","keyboardCharacters":"ADFHIJMNSUVW","footnote":"swim // /[swIm] \u003d swam // /[sw\u0026am] \u003d swum // /[swVm]","string5":"/ed/swim.mp3"}]},{"string6":"0002.20","string0":"d","string4":"брать; принимать","cards":[{"string0":"d","string6":"0002.20","string2":"TO LAY HOLD OF","string3":"`take\u003cbr\u003e`took\u003cbr\u003e`taken","keyboardCharacters":"ABEFKLNOPTYZ","footnote":"take // /[teIk] \u003d took // /[tUk] \u003d taken // /[\"teIk@n]","string5":"/ed/take.mp3"}]},{"string6":"0002.15","string0":"d","string4":"учить","cards":[{"string0":"d","string6":"0002.15","string2":"TO IMPART KNOWLEDGE","string3":"`teach\u003cbr\u003e`taught\u003cbr\u003e`taught","keyboardCharacters":"ACDEGHJPSTUY","footnote":"teach // /[ti:tS] \u003d taught // /[tO:t]","string5":"/ed/teach.mp3"}]},{"string6":"0002.22","string0":"d","string4":"думать","cards":[{"string0":"d","string6":"0002.22","string2":"TO USE ONE\u0027S MIND","string3":"`think\u003cbr\u003e`thought\u003cbr\u003e`thought","keyboardCharacters":"AGHIKLNOTUWX","footnote":"think // /[TINk] \u003d thought // /[TO:t]","string5":"/ed/think.mp3"}]},{"string6":"0002.23","string0":"d","string4":"понимать","cards":[{"string0":"d","string6":"0002.23","string2":"TO COMPREHEND","string3":"`understand\u003cbr\u003e`understood\u003cbr\u003e`understood","keyboardCharacters":"ADEGLNORSTUY","footnote":"understand // /[\u0027Vn.d@(r)\"st\u0026and] \u003d understood // /[\u0027Vn.d@(r)\"stUd]","string5":"/ed/understand.mp3"}]},{"string6":"0002.18","string0":"d","string4":"писать","cards":[{"string0":"d","string6":"0002.18","string2":"TO FORM LETTERS","string3":"`write\u003cbr\u003e`wrote\u003cbr\u003e`written","keyboardCharacters":"ACDEGINOPRTW","footnote":"write // /[raIt] \u003d wrote // /[r@Ut] \u003d written // /[\"rIt.(@)n]","string5":"/ed/write.mp3"}]}]}