{"packs":[{"string6":"0013.1","string0":"d","string4":"шить","cards":[{"string0":"d","string6":"0013.1","string2":"TO JOIN WITH NEEDLE AND THREAD","string3":"`sew\u003cbr\u003e`sewed\u003cbr\u003e`sewed; `sewn","keyboardCharacters":"CDEGILMNQSWX","footnote":"sew // /[s@U] \u003d sewed // /[s@Ud] \u003d sewn // /[s@Un]","string5":"/ed/sew.mp3"}]},{"string6":"0013.2","string0":"d","string4":"проливать (слёзы); сбрасывать (листья)","cards":[{"string0":"d","string6":"0013.2","string2":"TO LET FALL (E.G., LEAVES, TEARS)","string3":"`shed\u003cbr\u003e`shed\u003cbr\u003e`shed","keyboardCharacters":"BDEGHMPRSTYZ","footnote":"shed // /[Sed] \u003d shed // /[Sed] \u003d shed // /[Sed]","string5":"/ed/shed.mp3"}]},{"string6":"0013.3","string0":"d","string4":"убивать","cards":[{"string0":"d","string6":"0013.3","string2":"TO KILL VIOLENTLY (LITERARY)","string3":"`slay\u003cbr\u003e`slew\u003cbr\u003e`slain","keyboardCharacters":"AEIKLMNPSUWY","footnote":"slay // /[sleI] \u003d slew // /[slu:] \u003d slain // /[sleIn]","string5":"/ed/slay.mp3"}]},{"string6":"0013.4","string0":"d","string4":"мчаться; нестись","cards":[{"string0":"d","string6":"0013.4","string2":"TO MOVE QUICKLY","string3":"`speed\u003cbr\u003e`sped; `speeded\u003cbr\u003e`sped; `speeded","keyboardCharacters":"CDEJLMNOPSUX","footnote":"speed // /[spi:d] \u003d sped // /[sped] \u003d speeded // /[\"spi:dId]","string5":"/ed/speed.mp3"}]},{"string6":"0013.5","string0":"d","string4":"крутить\u003cbr\u003eкрутиться","cards":[{"string0":"d","string6":"0013.5","string2":"TO ROTATE RAPIDLY","string3":"`spin\u003cbr\u003e`spun\u003cbr\u003e`spun","keyboardCharacters":"ABCFIJNOPQSU","footnote":"spin // /[spIn] \u003d spun // /[spVn]","string5":"/ed/spin.mp3"}]},{"string6":"0013.6","string0":"d","string4":"плевать","cards":[{"string0":"d","string6":"0013.6","string2":"TO EJECT SALIVA","string3":"`spit\u003cbr\u003e`spat; `spit\u003cbr\u003e`spat; `spit","keyboardCharacters":"AEFHILMOPSTW","footnote":"spit // /[spIt] \u003d spat // /[sp\u0026at] \u003d spit // /[spIt]","string5":"/ed/spit.mp3"}]},{"string6":"0013.7","string0":"d","string4":"раскалывать\u003cbr\u003eраскалываться","cards":[{"string0":"d","string6":"0013.7","string2":"TO DIVIDE FORCEFULLY","string3":"`split\u003cbr\u003e`split\u003cbr\u003e`split","keyboardCharacters":"FIJLPQRSTWXY","footnote":"split // /[splIt] \u003d split // /[splIt]","string5":"/ed/split.mp3"}]},{"string6":"0013.8","string0":"d","string4":"прыгать","cards":[{"string0":"d","string6":"0008.8","string2":"TO JUMP HIGH OR FAR","synonym":1,"synonyms":2,"string3":"`leap\u003cbr\u003e`leaped; `leapt\u003cbr\u003e`leaped; `leapt","keyboardCharacters":"ADEFHILPRTWZ","footnote":"leap // /[li:p] \u003d leaped // /[li:pt] \u003d leapt // /[lept]","string5":"/ed/leap.mp3"},{"string0":"d","string6":"0013.8","string2":"TO JUMP SUDDENLY","synonym":2,"synonyms":2,"string3":"`spring\u003cbr\u003e`sprang; `sprung\u003cbr\u003e`sprung","keyboardCharacters":"ADEFGINPRSUV","footnote":"spring // /[sprIN] \u003d sprang // /[spr\u0026aN] \u003d sprung // /[sprVN]","string5":"/ed/spring.mp3"}]},{"string6":"0013.9","string0":"d","string4":"приклеивать; прикреплять","cards":[{"string0":"d","string6":"0013.9","string2":"TO ADHERE","string3":"`stick\u003cbr\u003e`stuck\u003cbr\u003e`stuck","keyboardCharacters":"CDIJKLNPRSTU","footnote":"stick // /[stIk] \u003d stuck // /[stVk]","string5":"/ed/stick.mp3"}]},{"string6":"0013.10","string0":"d","string4":"жалить","cards":[{"string0":"d","string6":"0013.10","string2":"TO PIERCE WITH SHARP POINT","string3":"`sting\u003cbr\u003e`stung\u003cbr\u003e`stung","keyboardCharacters":"FGHIJMNPRSTU","footnote":"sting // /[stIN] \u003d stung // /[stVN]","string5":"/ed/sting.mp3"}]},{"string6":"0013.11","string0":"d","string4":"разбрасывать","cards":[{"string0":"d","string6":"0013.11","string2":"TO SCATTER","string3":"`strew\u003cbr\u003e`strewed\u003cbr\u003e`strewed; `strewn","keyboardCharacters":"DEFIKNRSTWXZ","footnote":"strew // /[stru:] \u003d strewed // /[stru:d] \u003d strewn // /[stru:n]","string5":"/ed/strew.mp3"}]},{"string6":"0013.12","string0":"d","string4":"шагать","cards":[{"string0":"d","string6":"0013.12","string2":"TO WALK WITH LONG STEPS","string3":"`stride\u003cbr\u003e`strode\u003cbr\u003e`stridden","keyboardCharacters":"DEIKNORSTVWZ","footnote":"stride // /[straId] \u003d strode // /[str@Ud] \u003d stridden // /[\"strId@n]","string5":"/ed/stride.mp3"}]},{"string6":"0013.13","string0":"d","string4":"подметать","cards":[{"string0":"d","string6":"0013.13","string2":"TO CLEAN WITH BRUSH","string3":"`sweep\u003cbr\u003e`swept\u003cbr\u003e`swept","keyboardCharacters":"ADEILOPSTVWZ","footnote":"sweep // /[swi:p] \u003d swept // /[swept]","string5":"/ed/sweep.mp3"}]},{"string6":"0013.14","string0":"d","string4":"качаться","cards":[{"string0":"d","string6":"0013.14","string2":"TO MOVE BACK AND FORTH","string3":"`swing\u003cbr\u003e`swung\u003cbr\u003e`swung","keyboardCharacters":"DFGIKLNSTUVW","footnote":"swing // /[swIN] \u003d swung // /[swVN]","string5":"/ed/swing.mp3"}]}]}