{"packs":[{"string6":"0011.1","string0":"d","string4":"пилить","cards":[{"string0":"d","string6":"0011.1","string2":"TO CUT WITH A TOOTHED TOOL","string3":"`saw\u003cbr\u003e`sawed\u003cbr\u003e`sawed; `sawn","keyboardCharacters":"ABDEJNPRSWYZ","footnote":"saw // /[sO:] \u003d sawed // /[sO:d] \u003d sawed // /[sO:d] \u003d sawn // /[sO:n]","string5":"/ed/saw.mp3"}]},{"string6":"0011.2","string0":"d","string4":"скользить","cards":[{"string0":"d","string6":"0011.2","string2":"TO MOVE SMOOTHLY ALONG SURFACE","string3":"`slide\u003cbr\u003e`slid\u003cbr\u003e`slid","keyboardCharacters":"CDEHILNOSTVY","footnote":"slide // /[slaId] \u003d slid // /[slId]","string5":"/ed/slide.mp3"}]},{"string6":"0011.3","string0":"d","string4":"сеять","cards":[{"string0":"d","string6":"0011.3","string2":"TO PLANT SEEDS","string3":"`sow\u003cbr\u003e`sowed\u003cbr\u003e`sowed; `sown","keyboardCharacters":"DEHILNOSUVWY","footnote":"sow // /[s@U] \u003d sowed // /[s@Ud] \u003d sown // /[s@Un]","string5":"/ed/sow.mp3"}]},{"string6":"0011.4","string0":"d","string4":"проливать\u003cbr\u003eпроливаться","cards":[{"string0":"d","string6":"0011.4","string2":"TO CAUSE TO FLOW OVER","string3":"`spill\u003cbr\u003e`spilled; `spilt\u003cbr\u003e`spilled; `spilt","keyboardCharacters":"BDEHIJKLNPST","footnote":"spill // /[spIl] \u003d spilled // /[spIld] \u003d spilt // /[spIlt]","string5":"/ed/spill.mp3"}]},{"string6":"0011.5","string0":"d","string4":"распространять\u003cbr\u003eраспространяться","cards":[{"string0":"d","string6":"0011.5","string2":"TO EXTEND OVER AREA","string3":"`spread\u003cbr\u003e`spread\u003cbr\u003e`spread","keyboardCharacters":"ACDEILPQRSVY","footnote":"spread // /[spred]","string5":"/ed/spread.mp3"}]},{"string6":"0011.6","string0":"d","string4":"наступать; топтать","cards":[{"string0":"d","string6":"0011.6","string2":"TO STEP ON","string3":"`tread\u003cbr\u003e`trod\u003cbr\u003e`trod; `trodden","keyboardCharacters":"ABCDEHNORSTW","footnote":"tread // /[tred] \u003d trod // /[trOd] \u003d trodden // /[\"trOd.(@)n]","string5":"/ed/tread.mp3"}]},{"string6":"0011.7","string0":"d","string4":"подвергаться","cards":[{"string0":"d","string6":"0011.7","string2":"TO EXPERIENCE SOMETHING DIFFICULT","string3":"`undergo\u003cbr\u003e`underwent\u003cbr\u003e`undergone","keyboardCharacters":"DEGIJNOQRTUW","footnote":"undergo // /[\u0027Vnd@(r)\"g@U] \u003d underwent // /[\u0027Vnd@(r)\"went] \u003d undergone // /[\u0027Vnd@(r)\"gO:n]","string5":"/ed/undergo.mp3"}]},{"string6":"0011.8","string0":"d","string4":"предпринимать","cards":[{"string0":"d","string6":"0011.8","string2":"TO COMMIT TO A TASK","string3":"`undertake\u003cbr\u003e`undertook\u003cbr\u003e`undertaken","keyboardCharacters":"ADEKLNOPRSTU","footnote":"undertake // /[\u0027Vn.d@(r)\"teIk] \u003d undertook // /[\u0027Vn.d@(r)\"tUk] \u003d undertaken // /[\u0027Vn.d@(r)\"teIk.(@)n]","string5":"/ed/undertake.mp3"}]},{"string6":"0011.9","string0":"d","string4":"рыдать","cards":[{"string0":"d","string6":"0011.9","string2":"TO CRY INTENSELY","string3":"`weep\u003cbr\u003e`wept\u003cbr\u003e`wept","keyboardCharacters":"CEFGNOPRTWXZ","footnote":"weep // /[wi:p] \u003d wept // /[wept]","string5":"/ed/weep.mp3"}]}]}