{"packs":[{"string6":"0006.1","string0":"d","string4":"продавать","cards":[{"string0":"d","string6":"0006.1","string2":"TO EXCHANGE FOR MONEY","string3":"sell\u003cbr\u003e`sold\u003cbr\u003e`sold","keyboardCharacters":"DEFLNORSTWXZ","footnote":"sell // /[sel] \u003d sold // /[s@Uld]","string5":"/ed/sell.mp3"}]},{"string6":"0006.2","string0":"d","string4":"брить","cards":[{"string0":"d","string6":"0006.2","string2":"TO CUT HAIR FROM THE SKIN","string3":"shave\u003cbr\u003eshaved\u003cbr\u003eshaven","footnote":"shave // /[SeIv] \u003d shaved // /[SeIvd] \u003d shaven // /[\"SeIv@n]","string5":"/ed/shave.mp3"}]},{"string6":"0006.3","string0":"d","string4":"стрелять","cards":[{"string0":"d","string6":"0006.3","string2":"TO DISCHARGE A PROJECTILE","string3":"shoot\u003cbr\u003e`shot\u003cbr\u003e`shot","keyboardCharacters":"CEFGHLOQSTVX","footnote":"shoot // /[Su:t] \u003d shot // /[SOt]","string5":"/ed/shoot.mp3"}]},{"string6":"0006.4","string0":"d","string4":"нюхать\u003cbr\u003eиметь запах; пахнуть\u003cbr\u003eчувствовать запах","cards":[{"string0":"d","string6":"0006.4","string2":"TO PERCEIVE ODOR","string3":"smell\u003cbr\u003e`smelled; `smelt\u003cbr\u003e`smelled; `smelt","keyboardCharacters":"ACDEGHLMPSTY","footnote":"smell // /[smel] \u003d smelled // /[smeld] \u003d smelt // /[smelt]","string5":"/ed/smell.mp3"}]},{"string6":"0006.5","string0":"d","string4":"произносить по буквам","cards":[{"string0":"d","string6":"0006.5","string2":"TO WRITE/SAY LETTERS IN ORDER","string3":"spell\u003cbr\u003e`spelled; `spelt\u003cbr\u003e`spelled; `spelt","keyboardCharacters":"BDEHLNPQSTUY","footnote":"spell // /[spel] \u003d spelled // /[speld] \u003d spelt // /[spelt]","string5":"/ed/spell.mp3"}]},{"string6":"0006.6","string0":"d","string4":"тратить","cards":[{"string0":"d","string6":"0006.6","string2":"TO USE MONEY/TIME","string3":"spend\u003cbr\u003e`spent\u003cbr\u003e`spent","keyboardCharacters":"BEFGNPQRSTUX","footnote":"spend // /[spend] \u003d spent // /[spent]","string5":"/ed/spend.mp3"}]},{"string6":"0006.7","string0":"d","string4":"красть","cards":[{"string0":"d","string6":"0006.7","string2":"TO TAKE UNLAWFULLY","string3":"steal\u003cbr\u003e`stole\u003cbr\u003e`stolen","keyboardCharacters":"CEIJLNOSTVXZ","footnote":"steal // /[sti:l] \u003d stole // /[st@Ul] \u003d stolen // /[\"st@Ul.(@)n]","string5":"/ed/steal.mp3"}]},{"string6":"0006.8","string0":"d","string4":"рассказывать\u003cbr\u003eговорить","cards":[{"string0":"d","string6":"0006.8","string2":"TO COMMUNICATE","string3":"tell\u003cbr\u003e`told\u003cbr\u003e`told","keyboardCharacters":"DEHILMNOPQTW","footnote":"tell // /[tel] \u003d told // /[t@Uld]","string5":"/ed/tell.mp3"}]},{"string6":"0006.9","string0":"d","string4":"бросать; кидать","cards":[{"string0":"d","string6":"0006.9","string2":"TO PROPEL THROUGH AIR","string3":"throw\u003cbr\u003e`threw\u003cbr\u003e`thrown","keyboardCharacters":"ABEFHKNORTUW","footnote":"throw // /[Tr@U] \u003d threw // /[Tru:] \u003d thrown // /[Tr@Un]","string5":"/ed/throw.mp3"}]},{"string6":"0006.10","string0":"d","string4":"просыпаться","cards":[{"string0":"d","string6":"0006.10","string2":"TO STOP SLEEPING","string3":"wake up\u003cbr\u003e`woke `up\u003cbr\u003e`woken `up","keyboardCharacters":"ABEKNOPRUVWZ","footnote":"wake // /[weIk] \u003d up // /[Vp] \u003d woke // /[w@Uk] \u003d woken // /[\"w@Uk.(@)n]","string5":"/ed/wake up.mp3"}]},{"string6":"0006.11","string0":"d","string4":"надевать (одежду); носить (одежду)","cards":[{"string0":"d","string6":"0006.11","string2":"TO HAVE ON BODY","string3":"wear\u003cbr\u003e`wore\u003cbr\u003e`worn","keyboardCharacters":"BEFIJLMNORSW","footnote":"wear // /[we@(r)] \u003d wore // /[wO:(r)] \u003d worn // /[wO:(r)n]","string5":"/ed/wear.mp3"}]},{"string6":"0006.12","string0":"d","string4":"выигрывать; побеждать","cards":[{"string0":"d","string6":"0006.12","string2":"TO ACHIEVE VICTORY","string3":"win\u003cbr\u003e`won\u003cbr\u003e`won","keyboardCharacters":"BEHJKMNORSTW","footnote":"win // /[wIn] \u003d won // /[wVn]","string5":"/ed/win.mp3"}]}]}