{"packs":[{"string6":"0009.1","string0":"d","string4":"искать","cards":[{"string0":"d","string6":"0009.1","string2":"TO LOOK FOR","string3":"`seek\u003cbr\u003e`sought\u003cbr\u003e`sought","keyboardCharacters":"EGHKLNOSTUVW","footnote":"seek // /[si:k] \u003d sought // /[sO:t]","string5":"/ed/seek.mp3"}]},{"string6":"0009.2","string0":"d","string4":"трясти","cards":[{"string0":"d","string6":"0009.2","string2":"TO MOVE RAPIDLY BACK AND FORTH","string3":"`shake\u003cbr\u003e`shook\u003cbr\u003e`shaken","keyboardCharacters":"ABEFHIKNOPST","footnote":"shake // /[SeIk] \u003d shook // /[SUk] \u003d shaken // /[\"SeIk.(@)n]","string5":"/ed/shake.mp3"}]},{"string6":"0009.3","string0":"d","string4":"светить","cards":[{"string0":"d","string6":"0009.3","string2":"TO EMIT LIGHT","string3":"`shine\u003cbr\u003e`shone\u003cbr\u003e`shone","keyboardCharacters":"CEGHILNORSTX","footnote":"shine // /[SaIn] \u003d shone // /[S@Un]","string5":"/ed/shine.mp3"}]},{"string6":"0009.4","string0":"d","string4":"сжимать\u003cbr\u003eсжиматься; съеживаться","cards":[{"string0":"d","string6":"0009.4","string2":"TO BECOME SMALLER","string3":"`shrink\u003cbr\u003e`shrank; `shrunk\u003cbr\u003e`shrunk","keyboardCharacters":"ABFHIKNQRSUV","footnote":"shrink // /[SrINk] \u003d shrank // /[Sr\u0026aNk] \u003d shrunk // /[SrVNk]","string5":"/ed/shrink.mp3"}]},{"string6":"0009.5","string0":"d","string4":"закрывать\u003cbr\u003eзакрываться","cards":[{"string0":"d","string6":"0009.5","string2":"TO CLOSE","string3":"`shut\u003cbr\u003e`shut\u003cbr\u003e`shut","keyboardCharacters":"HILNOQSTUWXY","footnote":"shut // /[SVt]","string5":"/ed/shut.mp3"}]},{"string6":"0009.6","string0":"d","string4":"тонуть","cards":[{"string0":"d","string6":"0009.6","string2":"TO DESCEND BELOW SURFACE","string3":"`sink\u003cbr\u003e`sank; `sunk\u003cbr\u003e`sunk","keyboardCharacters":"ADHIKLNOSUWZ","footnote":"sink // /[sINk] \u003d sank // /[s\u0026aNk] \u003d sunk // /[sVNk]","string5":"/ed/sink.mp3"}]},{"string6":"0009.7","string0":"d","string4":"портить\u003cbr\u003eпортиться","cards":[{"string0":"d","string6":"0009.7","string2":"TO DIMINISH QUALITY","string3":"`spoil\u003cbr\u003e`spoiled; `spoilt\u003cbr\u003e`spoiled; `spoilt","keyboardCharacters":"DEGILMOPQSTW","footnote":"spoil // /[spOIl] \u003d spoiled // /[spOIld] \u003d spoilt // /[spOIlt]","string5":"/ed/spoil.mp3"}]},{"string6":"0009.8","string0":"d","string4":"вонять","cards":[{"string0":"d","string6":"0009.8","string2":"TO SMELL BADLY","string3":"`stink\u003cbr\u003e`stank; `stunk\u003cbr\u003e`stunk","keyboardCharacters":"ADEGIKNRSTUZ","footnote":"stink // /[stINk] \u003d stank // /[st\u0026aNk] \u003d stunk // /[stVNk]","string5":"/ed/stink.mp3"}]},{"string6":"0009.9","string0":"d","string4":"бить","cards":[{"string0":"d","string6":"0009.9","string2":"TO HIT FORCIBLY","string3":"`strike\u003cbr\u003e`struck\u003cbr\u003e`stricken; `struck","keyboardCharacters":"BCEHIJKNRSTU","footnote":"strike // /[straIk] \u003d struck // /[strVk] \u003d stricken // /[\"strIk.(@)n]","string5":"/ed/strike.mp3"}]},{"string6":"0009.10","string0":"d","string4":"клясться","cards":[{"string0":"d","string6":"0009.10","string2":"TO MAKE SOLEMN PROMISE","string3":"`swear\u003cbr\u003e`swore\u003cbr\u003e`sworn","keyboardCharacters":"ADEFIKLNORSW","footnote":"swear // /[swe@(r)] \u003d swore // /[swO:(r)] \u003d sworn // /[swO:(r)n]","string5":"/ed/swear.mp3"}]},{"string6":"0009.11","string0":"d","string4":"опухать","cards":[{"string0":"d","string6":"0009.11","string2":"TO EXPAND IN SIZE","string3":"`swell\u003cbr\u003e`swelled\u003cbr\u003e`swelled; `swollen","keyboardCharacters":"ACDEIJLNOSWX","footnote":"swell // /[swel] \u003d swelled // /[sweld] \u003d swollen // /[\"sw@Ul.(@)n]","string5":"/ed/swell.mp3"}]},{"string6":"0009.12","string0":"d","string4":"рвать\u003cbr\u003eрваться","cards":[{"string0":"d","string6":"0009.12","string2":"TO RIP APART","string3":"`tear\u003cbr\u003e`tore\u003cbr\u003e`torn","keyboardCharacters":"ADEHINORSTXY","footnote":"tear // /[te@(r)] \u003d tore // /[tO:(r)] \u003d torn // /[tO:(r)n]","string5":"/ed/tear.mp3"}]},{"string6":"0009.13","string0":"d","string4":"толкать","cards":[{"string0":"d","string6":"0009.13","string2":"TO PUSH SUDDENLY/FORCEFULLY","string3":"`thrust\u003cbr\u003e`thrust\u003cbr\u003e`thrust","keyboardCharacters":"BEFHJKPQRSTU","footnote":"thrust // /[TrVst]","string5":"/ed/thrust.mp3"}]}]}