{"packs":[{"string6":"0008.1","string0":"d","string4":"биться; драться; сражаться","cards":[{"string0":"d","string6":"0008.1","string2":"TO ENGAGE IN COMBAT","string3":"`fight\u003cbr\u003e`fought\u003cbr\u003e`fought","keyboardCharacters":"FGHILORSTUYZ","footnote":"fight // /[faIt] \u003d fought // /[fO:t]","string5":"/ed/fight.mp3"}]},{"string6":"0008.2","string0":"d","string4":"спасаться бегством; убегать","cards":[{"string0":"d","string6":"0008.2","string2":"TO RUN AWAY","string3":"`flee\u003cbr\u003e`fled\u003cbr\u003e`fled","keyboardCharacters":"BDEFKLMNQSTX","footnote":"flee // /[fli:] \u003d fled // /[fled]","string5":"/ed/flee.mp3"}]},{"string6":"0008.3","string0":"d","string4":"запрещать","cards":[{"string0":"d","string6":"0008.3","string2":"TO PROHIBIT","string3":"`forbid\u003cbr\u003e`forbade\u003cbr\u003e`forbidden","keyboardCharacters":"ABDEFHIKNOPR","footnote":"forbid // /[f@(r)\"bId] \u003d forbade // /[f@(r)\"beId] \u003d forbidden // /[f@(r)\"bId.(@)n]","string5":"/ed/forbid.mp3"}]},{"string6":"0008.4","string0":"d","string4":"прощать","cards":[{"string0":"d","string6":"0008.4","string2":"TO STOP FEELING ANGRY","string3":"`forgive\u003cbr\u003e`forgave\u003cbr\u003e`forgiven","keyboardCharacters":"ADEFGIJNOQRV","footnote":"forgive // /[f@(r)\"gIv] \u003d forgave // /[f@(r)\"geIv] \u003d forgiven // /[f@(r)\"gIv.(@)n]","string5":"/ed/forgive.mp3"}]},{"string6":"0008.5","string0":"d","string4":"прятать\u003cbr\u003eпрятаться","cards":[{"string0":"d","string6":"0008.5","string2":"TO CONCEAL","string3":"`hide\u003cbr\u003e`hid\u003cbr\u003e`hidden","keyboardCharacters":"ADEHIKLNQTUZ","footnote":"hide // /[haId] \u003d hid // /[hId] \u003d hidden // /[\"hId.(@)n]","string5":"/ed/hide.mp3"}]},{"string6":"0008.6","string0":"d","string4":"вести; отводить","cards":[{"string0":"d","string6":"0008.6","string2":"TO GUIDE","string3":"`lead\u003cbr\u003e`led\u003cbr\u003e`led","keyboardCharacters":"ABDEFHIJLPUX","footnote":"lead // /[li:d] \u003d led // /[led]","string5":"/ed/lead.mp3"}]},{"string6":"0008.7","string0":"d","string4":"наклоняться","cards":[{"string0":"d","string6":"0008.7","string2":"TO INCLINE OR REST AGAINST","string3":"`lean\u003cbr\u003e`leaned; `leant\u003cbr\u003e`leaned; `leant","keyboardCharacters":"ADEHIJLNRTWZ","footnote":"lean // /[li:n] \u003d leaned // /[li:nd] \u003d leant // /[lent]","string5":"/ed/lean.mp3"}]},{"string6":"0008.8","string0":"d","string4":"прыгать","cards":[{"string0":"d","string6":"0008.8","string2":"TO JUMP HIGH OR FAR","string3":"`leap\u003cbr\u003e`leaped; `leapt\u003cbr\u003e`leaped; `leapt","keyboardCharacters":"ABDEGHLMNPRT","footnote":"leap // /[li:p] \u003d leaped // /[li:pt] \u003d leapt // /[lept]","string5":"/ed/leap.mp3"}]},{"string6":"0008.9","string0":"d","string4":"доказывать","cards":[{"string0":"d","string6":"0008.9","string2":"SHOW SOMETHING IS TRUE","string3":"`prove\u003cbr\u003e`proved\u003cbr\u003e`proved; proven","keyboardCharacters":"DEFJOPQRUVWY","footnote":"prove // /[pru:v] \u003d proved // /[pru:vd] \u003d proven // /[\"pru:v@n]","string5":"/ed/prove.mp3"}]}]}