{"packs":[{"string6":"0007.1","string0":"d","string4":"выносить; терпеть","cards":[{"string0":"d","string6":"0007.1","string2":"TO CARRY OR ENDURE","string3":"`bear\u003cbr\u003e`bore\u003cbr\u003e`born; `borne","keyboardCharacters":"ABEFGNORSVWY","footnote":"bear // /[be@(r)] \u003d bore // /[bO:(r)] \u003d born // /[bO:(r)n] \u003d borne // /[bO:(r)n]","string5":"/ed/bear.mp3"}]},{"string6":"0007.2","string0":"d","string4":"бить; избивать","cards":[{"string0":"d","string6":"0007.2","string2":"TO DEFEAT OR HIT REPEATEDLY","string3":"`beat\u003cbr\u003e`beat\u003cbr\u003e`beaten","keyboardCharacters":"ABEJMNQRTUXY","footnote":"beat // /[bi:t] \u003d beaten // /[\"bi:t.(@)n]","string5":"/ed/beat.mp3"}]},{"string6":"0007.3","string0":"d","string4":"гнуть; сгибать","cards":[{"string0":"d","string6":"0007.3","string2":"TO CURVE","string3":"`bend\u003cbr\u003e`bent\u003cbr\u003e`bent","keyboardCharacters":"BDEFGJNOSTYZ","footnote":"bend // /[bend] \u003d bent // /[bent]","string5":"/ed/bend.mp3"}]},{"string6":"0007.4","string0":"d","string4":"держать пари","cards":[{"string0":"d","string6":"0007.4","string2":"TO RISK MONEY ON AN OUTCOME","string3":"`bet\u003cbr\u003e`bet\u003cbr\u003e`bet","keyboardCharacters":"BDEGIJLMQSTY","footnote":"bet // /[bet]","string5":"/ed/bet.mp3"}]},{"string6":"0007.5","string0":"d","string4":"кусать\u003cbr\u003eкусаться","cards":[{"string0":"d","string6":"0007.5","string2":"TO CUT WITH TEETH","string3":"`bite\u003cbr\u003e`bit\u003cbr\u003e`bitten","keyboardCharacters":"BEIJKNPQRTVX","footnote":"bite // /[baIt] \u003d bit // /[bIt] \u003d bitten // /[\"bIt.(@)n]","string5":"/ed/bite.mp3"}]},{"string6":"0007.6","string0":"d","string4":"связывать","cards":[{"string0":"d","string6":"0007.6","string2":"TO TIE TOGETHER","string3":"`bind\u003cbr\u003e`bound\u003cbr\u003e`bound","keyboardCharacters":"BDHILNORUWXZ","footnote":"bind // /[baInd] \u003d bound // /[baUnd]","string5":"/ed/bind.mp3"}]},{"string6":"0007.7","string0":"d","string4":"истекать кровью; кровоточить","cards":[{"string0":"d","string6":"0007.7","string2":"TO LOSE BLOOD","string3":"`bleed\u003cbr\u003e`bled\u003cbr\u003e`bled","keyboardCharacters":"ABDEFGHJLPTW","footnote":"bleed // /[bli:d] \u003d bled // /[bled]","string5":"/ed/bleed.mp3"}]},{"string6":"0007.8","string0":"d","string4":"транслировать (по радио, телевидению)","cards":[{"string0":"d","string6":"0007.8","string2":"TO TRANSMIT PUBLICLY","string3":"`broadcast\u003cbr\u003e`broadcast\u003cbr\u003e`broadcast","keyboardCharacters":"ABCDGHLORSTV","footnote":"broadcast // /[\"brO:d.k\u0026ast]","string5":"/ed/broadcast.mp3"}]},{"string6":"0007.9","string0":"d","string4":"лопаться","cards":[{"string0":"d","string6":"0007.9","string2":"TO BREAK OPEN SUDDENLY","string3":"`burst\u003cbr\u003e`burst\u003cbr\u003e`burst","keyboardCharacters":"ABFIKMOPRSTU","footnote":"burst // /[b3:(r)st]","string5":"/ed/burst.mp3"}]},{"string6":"0007.10","string0":"d","string4":"иметь дело; обращаться","cards":[{"string0":"d","string6":"0007.10","string2":"TO DISTRIBUTE","string3":"`deal\u003cbr\u003e`dealt\u003cbr\u003e`dealt","keyboardCharacters":"ACDEHJLPRTWY","footnote":"deal // /[di:l] \u003d dealt // /[delt]","string5":"/ed/deal.mp3"}]}]}