{"packs":[{"string6":"0012.1","string0":"d","string4":"выполнять; соблюдать","cards":[{"string0":"d","string6":"0012.1","string2":"TO OBEY OR FOLLOW","string3":"`abide by\u003cbr\u003e`abode `by\u003cbr\u003e`abode `by","keyboardCharacters":"ABCDEILOUWYZ","footnote":"abide // /[@\"baId] \u003d by // /[baI] \u003d abode // /[@.b@Ud]","string5":"/ed/abide-by.mp3"}]},{"string6":"0012.2","string0":"d","string4":"просыпаться","cards":[{"string0":"d","string6":"0012.2","string2":"TO STOP SLEEPING","synonym":1,"synonyms":2,"string3":"`awake\u003cbr\u003e`awoke\u003cbr\u003e`awoken","keyboardCharacters":"ACEFKNOPRUVW","footnote":"awake // /[@\"weIk] \u003d awoke // /[@\"w@Uk] \u003d awoken // /[@\"w@Uk.(@)n]","string5":"/ed/awake.mp3"},{"string0":"d","string6":"0006.10","string2":"TO STOP SLEEPING","synonym":2,"synonyms":2,"string3":"`wake `up\u003cbr\u003e`woke `up\u003cbr\u003e`woken `up","keyboardCharacters":"ABCEKNOPRUWX","footnote":"wake // /[weIk] \u003d up // /[Vp] \u003d woke // /[w@Uk] \u003d woken // /[\"w@Uk.(@)n]","string5":"/ed/wake up.mp3"}]},{"string6":"0012.3","string0":"d","string4":"увидеть; узреть","cards":[{"string0":"d","string6":"0012.3","string2":"TO OBSERVE","string3":"`behold\u003cbr\u003e`beheld\u003cbr\u003e`beheld","keyboardCharacters":"BCDEGHKLMORW","footnote":"behold // /[bI\"h@Uld] \u003d beheld // /[bI\"held]","string5":"/ed/behold.mp3"}]},{"string6":"0012.4","string0":"d","string4":"цепляться","cards":[{"string0":"d","string6":"0012.4","string2":"TO HOLD TIGHTLY","string3":"`cling\u003cbr\u003e`clung\u003cbr\u003e`clung","keyboardCharacters":"CDFGHILNTUXY","footnote":"cling // /[klIN] \u003d clung // /[klVN] \u003d clung // /[klVN]","string5":"/ed/cling.mp3"}]},{"string6":"0012.5","string0":"d","string4":"проживать","cards":[{"string0":"d","string6":"0012.5","string2":"TO LIVE IN A PLACE","string3":"`dwell\u003cbr\u003e`dwelt\u003cbr\u003e`dwelt","keyboardCharacters":"BDEIJLNPTVWZ","footnote":"dwell // /[dwel] \u003d dwelt // /[dwelt]","string5":"/ed/dwell.mp3"}]},{"string6":"0012.6","string0":"d","string4":"швырять","cards":[{"string0":"d","string6":"0012.6","string2":"TO THROW FORCEFULLY","string3":"`fling\u003cbr\u003e`flung\u003cbr\u003e`flung","keyboardCharacters":"BFGHIKLNTUVZ","footnote":"fling // /[flIN] \u003d flung // /[flVN] \u003d flung // /[flVN]","string5":"/ed/fling.mp3"}]},{"string6":"0012.7","string0":"d","string4":"прогнозировать","cards":[{"string0":"d","string6":"0012.7","string2":"TO PREDICT FUTURE EVENTS","string3":"`forecast\u003cbr\u003e`forecast\u003cbr\u003e`forecast","keyboardCharacters":"ACEFHNORSTVX","footnote":"forecast // /[\"fO:(r)k\u0026ast]","string5":"/ed/forecast.mp3"}]},{"string6":"0012.8","string0":"d","string4":"отрекаться","cards":[{"string0":"d","string6":"0012.8","string2":"TO RENOUNCE UNDER OATH","string3":"`forswear\u003cbr\u003e`forswore\u003cbr\u003e`forsworn","keyboardCharacters":"AEFINOQRSUWY","footnote":"forswear // /[fO:(r)\"swe(r)] \u003d forswore // /[fO:(r)\"swO:(r)] \u003d forsworn // /[fO:(r)\"swO::(r)n]","string5":"/ed/forswear.mp3"}]},{"string6":"0012.9","string0":"d","string4":"молоть","cards":[{"string0":"d","string6":"0012.9","string2":"TO CRUSH INTO POWDER","string3":"`grind\u003cbr\u003e`ground\u003cbr\u003e`ground","keyboardCharacters":"DFGILNOQRSTU","footnote":"grind // /[graInd] \u003d ground // /[graUnd]","string5":"/ed/grind.mp3"}]},{"string6":"0012.10","string0":"d","string4":"становиться на колени","cards":[{"string0":"d","string6":"0012.10","string2":"TO REST ON KNEES","string3":"`kneel\u003cbr\u003e`knelt\u003cbr\u003e`knelt","keyboardCharacters":"EFGHKLNTVWXY","footnote":"kneel // /[ni:l] \u003d knelt // /[nelt]","string5":"/ed/kneel.mp3"}]},{"string6":"0012.11","string0":"d","string4":"вязать","cards":[{"string0":"d","string6":"0012.11","string2":"TO MAKE FABRIC WITH YARN","string3":"`knit\u003cbr\u003e`knit; `knitted;\u003cbr\u003e`knit; `knitted","keyboardCharacters":"DEFGIKLNTUWZ","footnote":"knit // /[nIt] \u003d knit // /[nIt] \u003d knitted // /[\"nI.tId]","string5":"/ed/knit.mp3"}]}]}